<?xml version="1.0"?>
<Configuration xmlns:xsd="http://www.w3.org/2001/XMLSchema" xmlns:xsi="http://www.w3.org/2001/XMLSchema-instance">
	<APIVersion>8.3</APIVersion>
	<GridSettings>
		<Columns>
			<ColumnSetting>
				<Name>ColumnTitle'Title</Name>
				<Attribute>Name</Attribute>
				<Type>String</Type>
				<Width>200</Width>
			</ColumnSetting>
			<ColumnSetting>
				<Name>ColumnTitle'ID</Name>
				<Attribute>Number</Attribute>
				<ReadOnly>1</ReadOnly>
				<Type>String</Type>
			</ColumnSetting>
			<ColumnSetting>
				<Name>ColumnTitle'Owner</Name>
				<Type>Multi</Type>
				<Attribute>Owners</Attribute>
			</ColumnSetting>
			<ColumnSetting>
				<Name>ColumnTitle'Status</Name>
				<Attribute>Status</Attribute>
				<Type>List</Type>
			</ColumnSetting>
			<ColumnSetting>
				<Name>ColumnTitle'Estimate</Name>
				<Attribute>Estimate</Attribute>
				<Type>String</Type>
			</ColumnSetting>
			<ColumnSetting>
				<Name>ColumnTitle'DetailEstimate</Name>
				<Attribute>DetailEstimate</Attribute>
				<Type>String</Type>
			</ColumnSetting>
			<ColumnSetting>
				<Name>ColumnTitle'Done</Name>
				<Attribute>Actuals.Value.@Sum</Attribute>
				<ReadOnly>1</ReadOnly>
				<Type>String</Type>
				<EffortTracking>true</EffortTracking>
			</ColumnSetting>
<!-- -->
			<ColumnSetting>
				<Name>ColumnTitle'Effort</Name>
				<Attribute>Actuals</Attribute>
				<Type>Effort</Type>
				<EffortTracking>true</EffortTracking>
			</ColumnSetting>
<!-- -->
			<ColumnSetting>
				<Name>ColumnTitle'ToDo</Name>
				<Attribute>ToDo</Attribute>
				<Type>String</Type>
			</ColumnSetting>
		</Columns>
	</GridSettings>
	<AssetDetail>
		<TaskColumns>
		<!-->Main<!-->
		<ColumnSetting>
			<Name>ColumnTitle'Title</Name>
			<Category>Main</Category>
			<Type>String</Type>
			<Attribute>Name</Attribute>
		</ColumnSetting>
		<ColumnSetting>
			<Name>ColumnTitle'Description</Name>
			<Category>Main</Category>
			<Type>RichText</Type>
			<Attribute>Description</Attribute>
		</ColumnSetting>
		<ColumnSetting>
			<Name>ColumnTitle'Project</Name>
			<Category>Main</Category>
			<Type>String</Type>
			<Attribute>Scope.Name</Attribute>
		</ColumnSetting>
		<ColumnSetting>
			<Name>ColumnTitle'Iteration</Name>
			<Category>Main</Category>
			<Type>String</Type>
			<Attribute>Timebox.Name</Attribute>
		</ColumnSetting>
		<ColumnSetting>
			<Name>ColumnTitle'Parent</Name>
			<Category>Main</Category>
			<Type>String</Type>
			<ReadOnly>1</ReadOnly>
			<Attribute>Parent.Name</Attribute>
		</ColumnSetting>
				
		<!-->Extended<!-->
		
		<ColumnSetting>
			<Name>ColumnTitle'Owner</Name>
			<Category>Extended</Category>
			<Type>Multi</Type>
			<Attribute>Owners</Attribute>
		</ColumnSetting>
		<ColumnSetting>
			<Name>ColumnTitle'Status</Name>
			<Category>Extended</Category>
			<Type>List</Type>
			<Attribute>Status</Attribute>
		</ColumnSetting>
		<ColumnSetting>
			<Name>ColumnTitle'Type</Name>
			<Category>Extended</Category>
			<Type>List</Type>
			<Attribute>Category</Attribute>
		</ColumnSetting>
		<ColumnSetting>
			<Name>ColumnTitle'Source</Name>
			<Category>Extended</Category>
			<Type>List</Type>
			<Attribute>Source</Attribute>
		</ColumnSetting>
		<ColumnSetting>
			<Name>ColumnTitle'Reference</Name>
			<Category>Extended</Category>
			<Type>String</Type>
			<Attribute>Reference</Attribute>
		</ColumnSetting>
		<ColumnSetting>
			<Name>ColumnTitle'Build</Name>
			<Category>Extended</Category>
			<Type>String</Type>
			<Attribute>LastVersion</Attribute>
		</ColumnSetting>
		<ColumnSetting>
			<Name>ColumnTitle'DetailEstimate</Name>
			<Category>Extended</Category>
			<Type>String</Type>
			<Attribute>DetailEstimate</Attribute>
		</ColumnSetting>
		<ColumnSetting>
			<Name>ColumnTitle'Done</Name>
			<Category>Extended</Category>
			<Type>String</Type>
			<Attribute>Actuals.Value.@Sum</Attribute>
			<EffortTracking>true</EffortTracking>
		</ColumnSetting>
		<ColumnSetting>
			<Name>ColumnTitle'ToDo</Name>
			<Category>Extended</Category>
			<Type>String</Type>
			<Attribute>ToDo</Attribute>
		</ColumnSetting>
		<ColumnSetting>
			<Name>ColumnTitle'Effort</Name>
			<Category>Extended</Category>
			<Type>Effort</Type>
			<Attribute>Actuals</Attribute>
			<EffortTracking>true</EffortTracking>
		</ColumnSetting>
		</TaskColumns>
		<StoryColumns>
			<!-->Main<!-->
			<ColumnSetting>
				<Name>ColumnTitle'Title</Name>
				<Category>Main</Category>
				<Type>String</Type>
				<Attribute>Name</Attribute>
			</ColumnSetting>
			<ColumnSetting>
				<Name>ColumnTitle'Description</Name>
				<Category>Main</Category>
				<Type>RichText</Type>
				<Attribute>Description</Attribute>
			</ColumnSetting>
			<ColumnSetting>
				<Name>ColumnTitle'Project</Name>
				<Category>Main</Category>
				<Type>String</Type>
				<Attribute>Scope.Name</Attribute>
			</ColumnSetting>
			<ColumnSetting>
				<Name>ColumnTitle'Iteration</Name>
				<Category>Main</Category>
				<Type>String</Type>
				<Attribute>Timebox.Name</Attribute>
			</ColumnSetting>
			<ColumnSetting>
				<Name>ColumnTitle'Parent</Name>
				<Category>Main</Category>
				<Type>String</Type>
				<ReadOnly>1</ReadOnly>
				<Attribute>Parent.Name</Attribute>
			</ColumnSetting>

			<!-->Extended<!-->

			<ColumnSetting>
				<Name>ColumnTitle'Owner</Name>
				<Category>Extended</Category>
				<Type>Multi</Type>
				<Attribute>Owners</Attribute>
			</ColumnSetting>
			<ColumnSetting>
				<Name>ColumnTitle'Status</Name>
				<Category>Extended</Category>
				<Type>List</Type>
				<Attribute>Status</Attribute>
			</ColumnSetting>
			<ColumnSetting>
				<Name>ColumnTitle'Type</Name>
				<Category>Extended</Category>
				<Type>List</Type>
				<Attribute>Category</Attribute>
			</ColumnSetting>
			<ColumnSetting>
				<Name>ColumnTitle'Source</Name>
				<Category>Extended</Category>
				<Type>List</Type>
				<Attribute>Source</Attribute>
			</ColumnSetting>
			<ColumnSetting>
				<Name>ColumnTitle'Reference</Name>
				<Category>Extended</Category>
				<Type>String</Type>
				<Attribute>Reference</Attribute>
			</ColumnSetting>
			<ColumnSetting>
				<Name>ColumnTitle'Build</Name>
				<Category>Extended</Category>
				<Type>String</Type>
				<Attribute>LastVersion</Attribute>
			</ColumnSetting>
			<ColumnSetting>
				<Name>ColumnTitle'DetailEstimate</Name>
				<Category>Extended</Category>
				<Type>String</Type>
				<Attribute>DetailEstimate</Attribute>
			</ColumnSetting>
			<ColumnSetting>
				<Name>ColumnTitle'Done</Name>
				<Category>Extended</Category>
				<Type>String</Type>
				<Attribute>Actuals.Value.@Sum</Attribute>
				<EffortTracking>true</EffortTracking>
			</ColumnSetting>
			<ColumnSetting>
				<Name>ColumnTitle'ToDo</Name>
				<Category>Extended</Category>
				<Type>String</Type>
				<Attribute>ToDo</Attribute>
			</ColumnSetting>
			<ColumnSetting>
				<Name>ColumnTitle'Effort</Name>
				<Category>Extended</Category>
				<Type>Effort</Type>
				<Attribute>Actuals</Attribute>
				<EffortTracking>true</EffortTracking>
			</ColumnSetting>
		</StoryColumns>
		<TestColumns>
		<!-->Main<!-->
			<ColumnSetting>
				<Name>ColumnTitle'Title</Name>
				<Category>Main</Category>
				<Type>String</Type>
				<Attribute>Name</Attribute>
			</ColumnSetting>
			<ColumnSetting>
				<Name>ColumnTitle'Description</Name>
				<Category>Main</Category>
				<Type>RichText</Type>
				<Attribute>Description</Attribute>
			</ColumnSetting>
			<ColumnSetting>
				<Name>ColumnTitle'Project</Name>
				<Category>Main</Category>
				<Type>String</Type>
				<Attribute>Scope.Name</Attribute>
			</ColumnSetting>
			<ColumnSetting>
				<Name>ColumnTitle'Iteration</Name>
				<Category>Main</Category>
				<Type>String</Type>
				<Attribute>Timebox.Name</Attribute>
			</ColumnSetting>
			<ColumnSetting>
				<Name>ColumnTitle'Parent</Name>
				<Category>Main</Category>
				<Type>String</Type>
				<ReadOnly>1</ReadOnly>
				<Attribute>Parent.Name</Attribute>
			</ColumnSetting>
				
		<!-->Extended<!-->
		
			<ColumnSetting>
				<Name>ColumnTitle'Owner</Name>
				<Category>Extended</Category>
				<Type>Multi</Type>
				<Attribute>Owners</Attribute>
			</ColumnSetting>
			<ColumnSetting>
				<Name>ColumnTitle'Status</Name>
				<Category>Extended</Category>
				<Type>List</Type>
				<Attribute>Status</Attribute>
			</ColumnSetting>
			<ColumnSetting>
				<Name>ColumnTitle'Type</Name>
				<Category>Extended</Category>
				<Type>List</Type>
				<Attribute>Category</Attribute>
			</ColumnSetting>
			<ColumnSetting>
				<Name>ColumnTitle'Reference</Name>
				<Category>Extended</Category>
				<Type>String</Type>
				<Attribute>Reference</Attribute>
			</ColumnSetting>
			<ColumnSetting>
				<Name>ColumnTitle'DetailEstimate</Name>
				<Category>Extended</Category>
				<Type>String</Type>
				<Attribute>DetailEstimate</Attribute>
			</ColumnSetting>
			<ColumnSetting>
				<Name>ColumnTitle'Done</Name>
				<Category>Extended</Category>
				<Type>String</Type>
				<Attribute>Actuals.Value.@Sum</Attribute>
				<EffortTracking>true</EffortTracking>
			</ColumnSetting>
			<ColumnSetting>
				<Name>ColumnTitle'ToDo</Name>
				<Category>Extended</Category>
				<Type>String</Type>
				<Attribute>ToDo</Attribute>
			</ColumnSetting>
			<ColumnSetting>
				<Name>ColumnTitle'Effort</Name>
				<Category>Extended</Category>
				<Type>Effort</Type>
				<Attribute>Actuals</Attribute>
				<EffortTracking>true</EffortTracking>
			</ColumnSetting>
		</TestColumns>
		<DefectColumns>
		<!-->Main<!-->
			<ColumnSetting>
				<Name>ColumnTitle'Title</Name>
				<Category>Main</Category>
				<Type>String</Type>
				<Attribute>Name</Attribute>
			</ColumnSetting>
			<ColumnSetting>
				<Name>ColumnTitle'Description</Name>
				<Category>Main</Category>
				<Type>RichText</Type>
				<Attribute>Description</Attribute>
			</ColumnSetting>
			<ColumnSetting>
				<Name>ColumnTitle'Project</Name>
				<Category>Main</Category>
				<Type>String</Type>
				<Attribute>Scope.Name</Attribute>
			</ColumnSetting>
			<ColumnSetting>
				<Name>ColumnTitle'Iteration</Name>
				<Category>Main</Category>
				<Type>String</Type>
				<Attribute>Timebox.Name</Attribute>
			</ColumnSetting>
			<ColumnSetting>
				<Name>ColumnTitle'Parent</Name>
				<Category>Main</Category>
				<Type>String</Type>
				<ReadOnly>1</ReadOnly>
				<Attribute>Parent.Name</Attribute>
			</ColumnSetting>

		<!-->Extended<!-->

			<ColumnSetting>
				<Name>ColumnTitle'Owner</Name>
				<Category>Extended</Category>
				<Type>Multi</Type>
				<Attribute>Owners</Attribute>
			</ColumnSetting>
			<ColumnSetting>
				<Name>ColumnTitle'Status</Name>
				<Category>Extended</Category>
				<Type>List</Type>
				<Attribute>Status</Attribute>
			</ColumnSetting>
			<ColumnSetting>
				<Name>ColumnTitle'Source</Name>
				<Category>Extended</Category>
				<Type>List</Type>
				<Attribute>Source</Attribute>
			</ColumnSetting>
			<ColumnSetting>
				<Name>ColumnTitle'Reference</Name>
				<Category>Extended</Category>
				<Type>String</Type>
				<Attribute>Reference</Attribute>
			</ColumnSetting>
			<ColumnSetting>
				<Name>ColumnTitle'DetailEstimate</Name>
				<Category>Extended</Category>
				<Type>String</Type>
				<Attribute>DetailEstimate</Attribute>
			</ColumnSetting>
			<ColumnSetting>
				<Name>ColumnTitle'Done</Name>
				<Category>Extended</Category>
				<Type>String</Type>
				<Attribute>Actuals.Value.@Sum</Attribute>
				<EffortTracking>true</EffortTracking>
			</ColumnSetting>
			<ColumnSetting>
				<Name>ColumnTitle'ToDo</Name>
				<Category>Extended</Category>
				<Type>String</Type>
				<Attribute>ToDo</Attribute>
			</ColumnSetting>
			<ColumnSetting>
				<Name>ColumnTitle'Effort</Name>
				<Category>Extended</Category>
				<Type>Effort</Type>
				<Attribute>Actuals</Attribute>
				<EffortTracking>true</EffortTracking>
			</ColumnSetting>
		</DefectColumns>
  </AssetDetail>
  <ProjectTree>
		<Columns>
			<ColumnSetting>
				<Name>Schedule</Name>
				<Category>Main</Category>
				<Type>String</Type>
				<Attribute>Schedule.Name</Attribute>
			</ColumnSetting>
			<ColumnSetting>
				<Name>ColumnTitle'Title</Name>
				<Category>Main</Category>
				<Type>String</Type>
				<Attribute>Name</Attribute>
				<ReadOnly>1</ReadOnly>
			</ColumnSetting>
			<ColumnSetting>
				<Name>AttributeDefinition'BuildProjects'Scope</Name>
				<Category>Main</Category>
				<Type>List</Type>
				<Attribute>BuildProjects</Attribute>
				<ReadOnly>1</ReadOnly>
			</ColumnSetting>
		</Columns>
	</ProjectTree>
</Configuration>
